{
  "intercept": 0.1363181429199063,
  "coefficients": {
    "plannedDuration": 1.104365997910167,
    "daysPassed": 0.06454842049872958,
    "progressPercent": -0.012465355655260496,
    "material_shortage": 2.632524078695038,
    "equipment_breakdown": 2.542372753528072,
    "weather_issue": 2.551698490363505,
    "permit_issue": 4.670075575159352,
    "task_Backfilling and compaction": -0.11499513767567526,
    "task_Beam formwork, rebar, concrete": -0.6907800378401318,
    "task_Blinding / lean concrete": 0.27630829263355716,
    "task_CHB laying": 0.177972107261953,
    "task_Cabinets and built-in furniture": 0.9642204580021507,
    "task_Ceiling board installation": 0.18118812135714812,
    "task_Ceiling framing": -0.08348726427781816,
    "task_Chasing for electrical/plumbing": 1.1083605741735139,
    "task_Circuit breaker panel installation": 0.10810611182894836,
    "task_Clearing and grubbing": 0.5568710317518265,
    "task_Column formwork, rebar, concrete": -1.2488764905194945,
    "task_Concrete pouring": -0.4911442430571491,
    "task_Conduit and box installation": 0.25926226545078346,
    "task_Decorative finishes": 0.29009054854516514,
    "task_Demolition": -0.9120683888398444,
    "task_Door and window frame installation": -0.38616760287938334,
    "task_Door hanging": -0.26841430062786076,
    "task_Drainage pipe installation": 0.28435138372525515,
    "task_Excavation and grading": -0.05175801966874777,
    "task_Excavation for footings": 0.1923182812181209,
    "task_Final floor finish (polish, varnish, epoxy)": 0.011131686457224177,
    "task_Formwork installation": -0.3731933791553317,
    "task_Grounding": 0.5663601940195688,
    "task_Grouting and sealing": 2.2168217219138016,
    "task_Gutter and downspout installation": -0.4858489909762189,
    "task_Lighting fixture installation": 0.7723885857882848,
    "task_Painting (primer, topcoat)": 0.15671735903607648,
    "task_Partition wall installation": -0.028481819036932338,
    "task_Plastering / rendering": 2.1320763683735473,
    "task_Plumbing fixture installation": 0.29046417907465655,
    "task_Pressure testing": 0.02651179644832491,
    "task_Purlins installation": -1.4004780386091875,
    "task_Rebar cutting and bending": -0.12739889919324401,
    "task_Rebar placement": 0.22376237273944583,
    "task_Retaining wall": -0.9410155309328578,
    "task_Roof insulation": -0.03356071684146089,
    "task_Roof sheeting / panel installation": 0.033879681741697976,
    "task_Roof truss fabrication and installation": -2.1169969693668507,
    "task_Roof waterproofing / sealant": -1.0899291990925029,
    "task_Septic tank construction": 0.5662282693239912,
    "task_Setting out / layout": 0.12019961481261998,
    "task_Shelves and counters": -0.3861266296055814,
    "task_Site survey and staking": 0.928943081820664,
    "task_Slab formwork, rebar, concrete": -0.3931916224288022,
    "task_Soil testing": -0.7817582881382984,
    "task_Staircase formwork, rebar, concrete": -0.15515436851692455,
    "task_Structural steel works": -0.8861415790334521,
    "task_Switch and outlet installation": 0.4772950135172771,
    "task_Temporary facilities": 0.5837187916882433,
    "task_Temporary fence / perimeter barricade": 0.24363329851599275,
    "task_Temporary power and water supply": 0.07446015085217794,
    "task_Testing and commissioning": -0.16131217808769482,
    "task_Tile laying (floor and wall)": -0.7208310108841447,
    "task_Vent pipe installation": -0.12091742469097944,
    "task_Wall reinforcements": 0.8580956218459682,
    "task_Water supply pipe installation": 0.1752954239761384,
    "task_Water tank installation": -0.4096797693003529,
    "task_Waterproofing (foundation level)": 0.1974415729225132,
    "task_Window glazing": -0.13656015514626313,
    "task_Wiring pulling": -0.27003027943472363,
    "task_Wood trims, baseboards, moldings": 0.2118243730412715
  },
  "features": [
    "plannedDuration",
    "daysPassed",
    "progressPercent",
    "material_shortage",
    "equipment_breakdown",
    "weather_issue",
    "permit_issue",
    "task_Backfilling and compaction",
    "task_Beam formwork, rebar, concrete",
    "task_Blinding / lean concrete",
    "task_CHB laying",
    "task_Cabinets and built-in furniture",
    "task_Ceiling board installation",
    "task_Ceiling framing",
    "task_Chasing for electrical/plumbing",
    "task_Circuit breaker panel installation",
    "task_Clearing and grubbing",
    "task_Column formwork, rebar, concrete",
    "task_Concrete pouring",
    "task_Conduit and box installation",
    "task_Decorative finishes",
    "task_Demolition",
    "task_Door and window frame installation",
    "task_Door hanging",
    "task_Drainage pipe installation",
    "task_Excavation and grading",
    "task_Excavation for footings",
    "task_Final floor finish (polish, varnish, epoxy)",
    "task_Formwork installation",
    "task_Grounding",
    "task_Grouting and sealing",
    "task_Gutter and downspout installation",
    "task_Lighting fixture installation",
    "task_Painting (primer, topcoat)",
    "task_Partition wall installation",
    "task_Plastering / rendering",
    "task_Plumbing fixture installation",
    "task_Pressure testing",
    "task_Purlins installation",
    "task_Rebar cutting and bending",
    "task_Rebar placement",
    "task_Retaining wall",
    "task_Roof insulation",
    "task_Roof sheeting / panel installation",
    "task_Roof truss fabrication and installation",
    "task_Roof waterproofing / sealant",
    "task_Septic tank construction",
    "task_Setting out / layout",
    "task_Shelves and counters",
    "task_Site survey and staking",
    "task_Slab formwork, rebar, concrete",
    "task_Soil testing",
    "task_Staircase formwork, rebar, concrete",
    "task_Structural steel works",
    "task_Switch and outlet installation",
    "task_Temporary facilities",
    "task_Temporary fence / perimeter barricade",
    "task_Temporary power and water supply",
    "task_Testing and commissioning",
    "task_Tile laying (floor and wall)",
    "task_Vent pipe installation",
    "task_Wall reinforcements",
    "task_Water supply pipe installation",
    "task_Water tank installation",
    "task_Waterproofing (foundation level)",
    "task_Window glazing",
    "task_Wiring pulling",
    "task_Wood trims, baseboards, moldings"
  ]
}


